,AUC,precision,recall,F1
DT,0.8864136512861216,0.9117647058823529,0.8773584905660378,0.8942307692307693
SVM,0.9238067751361881,0.9466666666666667,0.6698113207547169,0.7845303867403315
RF,0.9820520220787186,0.9692307692307692,0.5943396226415094,0.7368421052631579
CNN,0.9469677838305854,0.8571428571428571,0.6226415094339622,0.7213114754098361
