,AUC,precision,recall,F1
DT,0.9535968108517624,0.8761061946902655,0.9339622641509434,0.9041095890410958
SVM,0.9927125798188967,0.9595959595959596,0.8962264150943396,0.926829268292683
RF,0.9983585266423752,0.9803921568627451,0.9433962264150944,0.9615384615384616
CNN,0.9030087665500198,0.8923076923076924,0.5471698113207547,0.6783625730994152
