,AUC,precision,recall,F1
DT,0.9190627367509651,0.8818181818181818,0.9150943396226415,0.8981481481481481
SVM,0.946092932645478,0.9333333333333333,0.660377358490566,0.7734806629834254
RF,0.969299036761788,0.9444444444444444,0.4811320754716981,0.6375
CNN,0.9570511201702803,0.8118811881188119,0.7735849056603774,0.7922705314009661
