,AUC,precision,recall,F1
DT,0.5702676864244741,0.30434782608695654,0.2641509433962264,0.2828282828282828
SVM,0.7422255492622389,0.0,0.0,0.0
RF,0.741053068292507,0.4166666666666667,0.09433962264150944,0.15384615384615385
CNN,0.5390255781233089,0.0,0.0,0.0
